Var1_1,Var1_2,Var1_3,Var1_4,Var1_5,Var1_6,Var1_7,Var1_8,Var1_9,Var1_10,Var1_11,Var1_12,Var1_13,Var1_14,Var1_15,Var1_16,Var1_17,Var1_18,Var1_19,Var1_20,Var1_21,Var1_22,Var1_23,Var1_24,Var1_25,Var1_26,Var1_27,Var1_28,Var1_29,Var1_30,Var1_31,Var1_32,Var1_33,Var1_34,Var1_35,Var1_36,Var1_37,Var1_38,Var1_39,Var1_40,Var1_41,Var1_42,Var1_43,Var1_44,Var1_45,Var1_46,Var1_47,Var1_48,Var1_49,Var1_50,Var1_51,Var1_52,Var1_53,Var1_54,Var1_55,Var1_56,Var1_57,Var1_58,Var1_59,Var1_60,Var1_61,Var1_62,Var1_63,Var1_64,Var1_65,Var1_66,Var1_67,Var1_68,Var1_69,Var1_70,Var1_71,Var1_72,Var1_73,Var1_74,Var1_75,Var1_76,Var1_77,Var1_78,Var1_79,Var1_80,Var1_81,Var1_82,Var1_83,Var1_84,Var1_85,Var1_86,Var1_87,Var1_88,Var1_89,Var1_90,Var1_91,Var1_92,Var1_93,Var1_94,Var1_95,Var1_96,Var1_97,Var1_98,Var1_99,Var1_100,Var1_101,Var1_102,Var1_103,Var1_104,Var1_105,Var1_106,Var1_107,Var1_108,Var1_109,Var1_110,Var1_111,Var1_112,Var1_113,Var1_114,Var1_115,Var1_116,Var1_117,Var1_118,Var1_119,Var1_120,Var1_121,Var1_122,Var1_123,Var1_124,Var1_125,Var1_126,Var1_127,Var1_128,Var1_129,Var1_130,Var1_131,Var1_132,Var1_133,Var1_134,Var1_135,Var1_136,Var1_137,Var1_138,Var1_139,Var1_140,Var1_141,Var1_142,Var1_143,Var1_144,Var1_145,Var1_146,Var1_147,Var1_148,Var1_149,Var1_150,Var1_151,Var1_152,Var1_153,Var1_154,Var1_155,Var1_156,Var1_157,Var1_158,Var1_159,Var1_160,Var1_161,Var1_162,Var1_163,Var1_164,Var1_165,Var1_166,Var1_167,Var1_168,Var1_169,Var1_170,Var1_171,Var1_172,Var1_173,Var1_174,Var1_175,Var1_176,Var1_177,Var1_178,Var1_179,Var1_180,Var1_181
3.086682,6.783198,8.266735,9.81786,10.67974,10.54552,9.601271,8.274901,6.944712,5.803332,4.888912,4.176757,3.636956,3.239763,2.943256,2.698255,2.473398,2.274068,2.130663,2.064245,2.064559,2.102238,2.157543,2.231582,2.331278,2.450468,2.568513,2.664041,2.728712,2.772407,2.820071,2.903076,3.052167,3.307479,3.762717,4.639852,6.340727,9.370952,14.05759,20.14421,26.55305,31.61927,33.79646,32.42124,28.0153,21.94339,15.72256,10.45214,6.614451,4.182032,2.838927,2.184329,1.873799,1.687459,1.529734,1.386689,1.275057,1.205195,1.168266,1.14836,1.142706,1.163276,1.215372,1.281578,1.334808,1.364902,1.385699,1.417899,1.472762,1.551541,1.648986,1.749671,1.826831,1.856458,1.838335,1.80279,1.794901,1.84793,1.963641,2.109541,2.233146,2.28542,2.24114,2.106474,1.912379,1.699411,1.501444,1.335155,1.199675,1.085036,0.9822073,0.8883512,0.8070397,0.7460705,0.7130485,0.7085035,0.7210727,0.7310955,0.7219395,0.6897923,0.6436139,0.59655,0.5572786,0.5277113,0.5062367,0.4913485,0.4822216,0.4772979,0.4738941,0.4695756,0.4633219,0.4552528,0.4462806,0.4387215,0.4359757,0.4394178,0.4450693,0.4449604,0.4334259,0.4122517,0.3892976,0.3723672,0.3646156,0.3647183,0.3695046,0.3756756,0.3801964,0.3808219,0.3769669,0.3697415,0.3608426,0.3516001,0.3431439,0.3367949,0.3333213,0.3315634,0.3284862,0.3214134,0.31044,0.2984536,0.2887461,0.2826647,0.2793152,0.2769355,0.2741983,0.2704311,0.2651368,0.2577316,0.2479515,0.2365136,0.2251249,0.2154267,0.2076852,0.2006342,0.1928312,0.1842233,0.1763379,0.1710051,0.1689822,0.1696704,0.1717991,0.1741637,0.1758954,0.1764748,0.1758552,0.1746737,0.1742097,0.1758585,0.1802708,0.1866927,0.1931537,0.1976677,0.1996372,0.20011,0.2003735,0.200099,0.1969162,0.1879015,0.1715143,0.1483224,0.1204264
3.09317,7.015551,9.151471,11.71097,13.70456,14.48641,13.98617,12.61406,10.94048,9.386247,8.110636,7.098881,6.302336,5.697886,5.261135,4.938159,4.67104,4.447395,4.311665,4.321402,4.489937,4.765774,5.061161,5.303743,5.48284,5.686877,6.135167,7.166923,9.114132,12.04597,15.53145,18.66089,20.42821,20.26993,18.3769,15.54999,12.73177,10.56969,9.267555,8.703793,8.618382,8.717998,8.706393,8.32936,7.467422,6.207798,4.809596,3.565433,2.65782,2.107345,1.821836,1.681066,1.593802,1.512729,1.426521,1.348294,1.306401,1.33397,1.452877,1.657176,1.910881,2.166965,2.391177,2.566715,2.679442,2.708032,2.63477,2.464209,2.228315,1.97447,1.747506,1.574331,1.45498,1.365886,1.27754,1.175311,1.066705,0.9710603,0.9031463,0.8633422,0.8385639,0.8117015,0.7735089,0.7277646,0.6845443,0.6486419,0.6163586,0.5836396,0.5543802,0.5383173,0.541317,0.5589561,0.579041,0.5894246,0.584237,0.564724,0.5356668,0.5013641,0.4643973,0.4267645,0.3907638,0.3587423,0.3329228,0.3154931,0.3075423,0.307055,0.308597,0.3060497,0.2962026,0.2801964,0.2621852,0.2465385,0.2352036,0.2268147,0.2184181,0.2083714,0.1974847,0.1874808,0.1790769,0.1719974,0.1664123,0.1637839,0.1661901,0.1746106,0.1873127,0.199866,0.2076109,0.2088667,0.2056203,0.2009549,0.1963724,0.1919469,0.1881463,0.1861857,0.1864412,0.1873783,0.1865354,0.1823559,0.1750591,0.1662994,0.1584036,0.1536263,0.153386,0.1576159,0.1646025,0.1714931,0.1752598,0.1737612,0.1666626,0.1559654,0.145537,0.139161,0.1380068,0.1398458,0.1412728,0.1409097,0.1400945,0.1404304,0.1413816,0.1408087,0.1374511,0.1322107,0.1271021,0.1235539,0.1217733,0.1211076,0.1205902,0.1194742,0.117797,0.1164974,0.1166123,0.1181029,0.1196036,0.1196221,0.1180712,0.1163934,0.1159121,0.1160125,0.1140274,0.1069545,0.09343172
2.470859,5.38945,6.480083,7.623799,8.262457,8.160737,7.442487,6.417747,5.376592,4.483105,3.780991,3.248065,2.843428,2.530177,2.281531,2.082005,1.928258,1.826234,1.781006,1.785748,1.822821,1.878438,1.953726,2.056673,2.18424,2.319086,2.448001,2.580877,2.747095,2.971632,3.253034,3.560284,3.848082,4.078313,4.233726,4.319493,4.36725,4.460633,4.764366,5.490068,6.753392,8.393889,9.928969,10.75065,10.46565,9.128203,7.189512,5.222145,3.638887,2.580458,1.977826,1.679826,1.547098,1.486329,1.447773,1.412495,1.380401,1.359679,1.356759,1.369081,1.385455,1.395062,1.397617,1.404061,1.426039,1.464781,1.510897,1.55408,1.590387,1.618423,1.630186,1.610192,1.547622,1.45021,1.344267,1.258469,1.205519,1.177606,1.157626,1.134035,1.106685,1.081771,1.063465,1.050002,1.035551,1.013924,0.9801853,0.9302381,0.8613493,0.7751123,0.6801859,0.5905405,0.518698,0.4689066,0.4360687,0.4111593,0.3880256,0.3659188,0.3468254,0.3313845,0.317417,0.301702,0.2826357,0.2613639,0.2409098,0.2243647,0.213372,0.2075392,0.2048458,0.2027223,0.1991983,0.1935397,0.1861832,0.1782763,0.1712805,0.1667885,0.1662351,0.1701666,0.1773777,0.1848607,0.1891733,0.1885282,0.18402,0.178974,0.1768975,0.1794325,0.185524,0.1921991,0.1964238,0.1967556,0.1935749,0.1879389,0.1804675,0.1714844,0.1619529,0.1536976,0.1483517,0.1461322,0.1457915,0.1457516,0.1452182,0.1442659,0.1430568,0.141212,0.1381148,0.1338256,0.1294777,0.1264921,0.1253147,0.1250157,0.1241748,0.1221185,0.1193799,0.1171831,0.1165329,0.1175101,0.1191368,0.1199597,0.1190273,0.116455,0.113049,0.1094505,0.1057617,0.1019502,0.09840607,0.09597386,0.0954626,0.0970981,0.1003192,0.1040556,0.1073384,0.1098014,0.11165,0.1131999,0.1145505,0.1156618,0.1163903,0.1160621,0.1130176,0.1050503,0.09087216
3.406584,7.722786,9.993277,12.52506,14.20648,14.46713,13.43035,11.65972,9.754019,8.073025,6.707693,5.612265,4.738104,4.074492,3.617072,3.33698,3.186233,3.117832,3.091434,3.06779,3.012188,2.910023,2.778037,2.657497,2.590546,2.591969,2.634394,2.662574,2.632913,2.547769,2.453782,2.409521,2.461151,2.653107,3.055796,3.767974,4.874567,6.382975,8.179848,10.03536,11.65528,12.76271,13.18292,12.89993,12.05488,10.87755,9.584334,8.306923,7.096298,5.981393,5.012701,4.246262,3.695553,3.314384,3.032177,2.800485,2.602912,2.430432,2.262086,2.074259,1.861577,1.641656,1.439835,1.272409,1.143315,1.051575,0.9977691,0.982752,1.001262,1.037814,1.070421,1.081287,1.067025,1.039885,1.01788,1.010881,1.013479,1.009952,0.9867431,0.9420691,0.8856584,0.8304029,0.7836856,0.7447723,0.7085561,0.6712473,0.6332682,0.5976719,0.5662099,0.5370325,0.5062775,0.471733,0.434648,0.3981039,0.3643263,0.3339339,0.3072176,0.2852944,0.2698231,0.2617896,0.2603593,0.2624947,0.2639572,0.2616415,0.2556299,0.2489842,0.245277,0.2459821,0.2495264,0.252062,0.2492936,0.2388187,0.221841,0.2026378,0.1857747,0.1735418,0.1658767,0.1620501,0.1617135,0.1646173,0.1703386,0.1785867,0.1889507,0.1996643,0.2071499,0.2078905,0.2012196,0.1900027,0.1783742,0.1689013,0.1617678,0.1559739,0.1506638,0.1453947,0.1398455,0.13386,0.1278104,0.1225973,0.119015,0.1170278,0.1157186,0.1140432,0.1116929,0.1091978,0.1071599,0.1054841,0.1035282,0.101011,0.09853823,0.09703352,0.09675063,0.09708621,0.09735991,0.0974905,0.09774182,0.09802894,0.09780437,0.09663824,0.09463641,0.0921585,0.08933023,0.08609981,0.08275209,0.0800953,0.07895298,0.07952534,0.0813452,0.08374817,0.08617134,0.08805235,0.08886852,0.08864022,0.08823669,0.08868466,0.08994597,0.09061345,0.08904664,0.08467042,0.07795244,0.06932806,0.05866125
2.124289,4.573895,5.35743,6.156917,6.571315,6.457702,5.938859,5.253935,4.599931,4.06291,3.638038,3.284992,2.972546,2.693292,2.451535,2.243212,2.049922,1.853557,1.65523,1.477105,1.344441,1.265758,1.229013,1.213537,1.203444,1.191477,1.175056,1.152564,1.123168,1.087141,1.044285,0.9925464,0.9297464,0.857132,0.7808453,0.7097961,0.6520416,0.612112,0.5897877,0.5801036,0.5749524,0.5663396,0.5499201,0.5267804,0.5024051,0.4834641,0.4742868,0.4750593,0.4824679,0.4916978,0.4981922,0.49876,0.4924684,0.4812719,0.4699717,0.4658202,0.4778413,0.5143762,0.5779974,0.6613072,0.7493666,0.8287694,0.8952645,0.9528026,1.006908,1.060888,1.117023,1.176906,1.237964,1.291746,1.329101,1.347195,1.349056,1.335816,1.302032,1.240998,1.154148,1.05366,0.9556856,0.8716714,0.8053728,0.75563,0.7195569,0.6924735,0.6661829,0.6300877,0.577066,0.5101609,0.4431569,0.3925394,0.366671,0.361324,0.3647415,0.3666362,0.3632466,0.3559954,0.3473612,0.3384226,0.3292314,0.3202458,0.3128237,0.3083079,0.3066884,0.3061202,0.3037228,0.2970887,0.2855916,0.2708249,0.2558204,0.2432588,0.2338789,0.2265755,0.2201844,0.2149586,0.2119532,0.2110973,0.2104329,0.2075636,0.2017447,0.1945526,0.1888078,0.1868415,0.1890724,0.1934461,0.1962911,0.1945502,0.1879379,0.1791153,0.171697,0.1679647,0.1680157,0.1702067,0.1718545,0.1700573,0.1631462,0.1522355,0.1412167,0.1345055,0.1341439,0.1386907,0.1446852,0.1492023,0.1513926,0.1521218,0.1524896,0.1527521,0.1525197,0.1516941,0.150836,0.1504459,0.1500823,0.1485073,0.1448048,0.139314,0.13358,0.1295715,0.1287716,0.1314436,0.1363389,0.141259,0.1443831,0.1453901,0.1453635,0.1456119,0.1465905,0.1478819,0.1490068,0.1499894,0.1509791,0.1514424,0.1501665,0.1464808,0.1413866,0.1369259,0.134075,0.131499,0.1267429,0.1185076,0.1073605,0.0943497,0.07964697
1.439486,3.167979,3.887499,4.676361,5.154254,5.112108,4.588396,3.801617,3.003951,2.359264,1.908166,1.60911,1.401183,1.242973,1.117,1.015938,0.9311197,0.8522305,0.7732206,0.6950231,0.6223388,0.5596676,0.5108847,0.4799154,0.4685782,0.4733129,0.4857274,0.4972417,0.5029354,0.5015024,0.4933769,0.4799813,0.4640643,0.4497734,0.4421112,0.4456205,0.4619547,0.4878799,0.5167567,0.5434782,0.5682371,0.5955695,0.6309128,0.6783482,0.7382923,0.802274,0.8489071,0.8502981,0.7897139,0.6768016,0.5450534,0.432189,0.3598924,0.3277904,0.3218521,0.3267265,0.3330087,0.3377028,0.3408459,0.3420705,0.3397459,0.3328924,0.3233742,0.3156606,0.3142446,0.3211783,0.3354401,0.3537297,0.3717247,0.3855416,0.3931538,0.3950626,0.3939128,0.3935059,0.3974193,0.4071204,0.420506,0.4327783,0.4398062,0.4409713,0.4384711,0.4339934,0.4266669,0.414302,0.3959216,0.3727196,0.3472832,0.3229023,0.3036029,0.2935829,0.2951475,0.3065851,0.3224263,0.3365168,0.3453324,0.3485165,0.346588,0.3388946,0.3243781,0.3040404,0.2817739,0.2622508,0.2481958,0.2398945,0.2368245,0.2388417,0.2454121,0.2542437,0.2616574,0.264985,0.2646786,0.2636977,0.2644823,0.2665257,0.2670766,0.2641271,0.2584022,0.2524148,0.247995,0.2449975,0.2420534,0.2380278,0.2327061,0.2265115,0.2199443,0.2134334,0.207766,0.20446,0.2050308,0.2091682,0.2137132,0.2143662,0.2092416,0.2008361,0.1942643,0.1935167,0.1992573,0.2094092,0.2208186,0.2302105,0.2346657,0.2325821,0.224774,0.2143184,0.204775,0.1981823,0.1944935,0.1925731,0.1914245,0.1905647,0.1897874,0.1891501,0.1892406,0.1909408,0.1944182,0.1983833,0.2007932,0.2006015,0.1986792,0.1967418,0.1954452,0.1939392,0.1915024,0.1892386,0.1894786,0.1932042,0.1983971,0.2014292,0.2001623,0.1954518,0.1896875,0.1844424,0.1799691,0.176597,0.1756375,0.1782225,0.1832279,0.1866415,0.1832368,0.1692985,0.1445515
3.876634,9.273409,13.376,18.77561,23.6852,26.42822,26.14388,23.16452,18.75699,14.37202,10.93166,8.613171,7.131366,6.146277,5.460935,4.983403,4.63471,4.33232,4.027697,3.723114,3.447233,3.222854,3.056013,2.944426,2.886545,2.87862,2.903375,2.924854,2.89895,2.793306,2.602001,2.347312,2.070659,1.817193,1.619067,1.486049,1.410023,1.378158,1.381721,1.415212,1.47238,1.545262,1.623948,1.693933,1.735033,1.727196,1.660496,1.540941,1.387913,1.2264,1.079535,0.9641508,0.8890671,0.8545945,0.8525944,0.8680909,0.8835851,0.8848787,0.8655399,0.8284314,0.7844603,0.7481971,0.7304118,0.7314443,0.7415301,0.7487332,0.7471223,0.7379133,0.7246827,0.7092786,0.6918382,0.6728282,0.6543813,0.6404126,0.6355941,0.6430719,0.6621527,0.6879584,0.7131264,0.7298278,0.7314921,0.7150905,0.6832817,0.6438484,0.6058209,0.5752859,0.5538585,0.5395119,0.528134,0.5155873,0.5001068,0.4829182,0.4655875,0.4467906,0.4229175,0.3924716,0.3592542,0.3306847,0.3132169,0.3090266,0.315435,0.3261429,0.3338442,0.3338667,0.3265775,0.3161452,0.3068423,0.3007727,0.2984961,0.3000447,0.3042837,0.3082798,0.3088829,0.3051397,0.2983788,0.2899154,0.2795543,0.2666575,0.2519104,0.2373692,0.2250074,0.2156094,0.2088218,0.203736,0.1993299,0.1946725,0.1890233,0.1820415,0.1742318,0.1671638,0.1626409,0.1610212,0.1603977,0.1579946,0.1527548,0.1465177,0.1425048,0.1425682,0.1457603,0.1493315,0.1510501,0.1508141,0.1503982,0.1517792,0.1554322,0.1597617,0.161982,0.1599664,0.1539625,0.1467916,0.141942,0.1408526,0.1418732,0.1420175,0.1397734,0.1361505,0.1331612,0.1316363,0.1305961,0.1284269,0.1243853,0.1190933,0.113964,0.1103422,0.1090145,0.1101308,0.1132412,0.1173419,0.1211283,0.1235455,0.1242825,0.1237581,0.1226392,0.1214085,0.1203215,0.1195289,0.118944,0.1178237,0.1145201,0.1069167,0.09357907
3.53988,7.465733,8.382028,9.266812,9.602196,9.208781,8.27661,7.160755,6.139682,5.314876,4.66857,4.163888,3.782255,3.497867,3.256734,2.998431,2.694021,2.357698,2.027203,1.739408,1.518964,1.375392,1.301113,1.274135,1.269439,1.271317,1.275474,1.28123,1.284464,1.278074,1.256805,1.220772,1.176648,1.138615,1.129895,1.18329,1.336815,1.619324,2.026058,2.496996,2.9197,3.167481,3.156703,2.888398,2.447839,1.963414,1.549726,1.265062,1.102337,1.013316,0.9473539,0.8790051,0.8106341,0.7570312,0.7294676,0.7290062,0.7467334,0.7667105,0.7723146,0.7555766,0.7224517,0.6872094,0.6598932,0.6388695,0.6149374,0.5812053,0.5387932,0.495129,0.4589148,0.4361156,0.4278004,0.4294817,0.4327228,0.4294206,0.4165802,0.3979977,0.3813818,0.373231,0.3753658,0.385008,0.3971371,0.4068315,0.410686,0.4076582,0.3992524,0.388367,0.3771296,0.3655217,0.3520952,0.3358893,0.3175298,0.2987595,0.2814053,0.2668476,0.2559331,0.2488242,0.2448647,0.2429067,0.2419945,0.2417151,0.2418469,0.2417502,0.2401814,0.2356769,0.2271816,0.2146751,0.1996846,0.1852886,0.1751168,0.1716047,0.1746822,0.1819026,0.189804,0.1955156,0.19788,0.1977832,0.1973982,0.1984543,0.200709,0.202095,0.2005441,0.1957521,0.1893467,0.1837004,0.1806571,0.1808517,0.1834826,0.1864825,0.1872889,0.1840212,0.1763393,0.1654665,0.1535662,0.1429899,0.1357093,0.1329157,0.1346861,0.1397696,0.1457509,0.149791,0.1497177,0.14484,0.1360404,0.1252524,0.1147183,0.1063051,0.1010704,0.0992691,0.1006876,0.1047961,0.1104707,0.115856,0.1190953,0.119615,0.118671,0.1183695,0.1199167,0.122654,0.1246828,0.1244581,0.1219986,0.1188185,0.1167989,0.1170346,0.1195188,0.1235819,0.1283139,0.1325122,0.1345825,0.1330866,0.1278487,0.1205778,0.1140868,0.1104821,0.1098436,0.1105249,0.110569,0.1086895,0.1040505,0.09568616,0.08277798
3.301301,7.104564,8.311779,9.541813,10.18356,10.02236,9.230157,8.12875,6.974811,5.900695,4.961436,4.181649,3.564734,3.092542,2.737598,2.476604,2.291511,2.164502,2.077767,2.015583,1.962192,1.900189,1.818046,1.721747,1.634629,1.580468,1.564829,1.572486,1.581196,1.576574,1.55572,1.521284,1.475538,1.42006,1.358757,1.299102,1.250005,1.219473,1.216699,1.261454,1.399912,1.717743,2.328688,3.316194,4.638752,6.064306,7.21568,7.738932,7.493099,6.618531,5.432487,4.243275,3.226099,2.422418,1.810295,1.36092,1.050119,0.8495047,0.7252696,0.6461354,0.5896103,0.5431916,0.5033273,0.4724076,0.4529671,0.4426325,0.4347696,0.4239936,0.4102212,0.3970582,0.3869791,0.3787742,0.3694932,0.358142,0.3470451,0.3397983,0.3382929,0.3417508,0.3481713,0.3562037,0.3655132,0.3755599,0.3843648,0.388938,0.3873875,0.3806794,0.3719823,0.3641716,0.3583551,0.3548456,0.3545222,0.3579863,0.3632999,0.3655326,0.3593321,0.3422458,0.3160461,0.285587,0.256391,0.2322603,0.2139987,0.1999322,0.1876411,0.1753583,0.1623476,0.1489586,0.1367195,0.1276785,0.1228297,0.1212098,0.1209255,0.1208835,0.1210763,0.1214217,0.1210956,0.1192495,0.1159117,0.1119086,0.1082331,0.1057156,0.1048662,0.1054281,0.1060719,0.1050434,0.1015504,0.09658921,0.09230658,0.09043116,0.09115864,0.09333206,0.09550076,0.09678005,0.0969375,0.09608085,0.09457128,0.09316096,0.0928538,0.09430902,0.09726159,0.1005299,0.1026695,0.1028168,0.1011508,0.09865266,0.09632148,0.09444885,0.09254659,0.08996482,0.0866386,0.08333275,0.08122289,0.08117057,0.0832345,0.08670685,0.0905072,0.0935421,0.09489287,0.09404177,0.09120543,0.08739916,0.08389334,0.08139981,0.07974298,0.07829171,0.07664783,0.07495537,0.07370301,0.07331227,0.07382886,0.07489473,0.07601746,0.0769194,0.07762804,0.07822708,0.07856923,0.07825925,0.07683413,0.07385395,0.06885023,0.06138489,0.05139108
1.427335,3.131668,3.812344,4.535473,4.936384,4.833789,4.284812,3.500629,2.708477,2.057355,1.601986,1.332784,1.206721,1.165132,1.149778,1.121942,1.072705,1.014763,0.9636006,0.9243173,0.8913601,0.8560659,0.8142615,0.7699123,0.7335654,0.7161589,0.7220237,0.7462855,0.7781983,0.8069665,0.8259259,0.8339474,0.8350856,0.837481,0.8516986,0.8876924,0.9497098,1.032037,1.122713,1.218592,1.342445,1.545279,1.887131,2.40746,3.100698,3.901992,4.683556,5.272142,5.500668,5.282392,4.663235,3.809361,2.931836,2.197439,1.679201,1.363414,1.190462,1.095876,1.032603,0.9744441,0.9103459,0.8386809,0.7646169,0.6978038,0.6471459,0.6144967,0.5930986,0.57319,0.5496363,0.5241174,0.5006176,0.4801581,0.4603581,0.4389265,0.4161741,0.3941528,0.374434,0.3571964,0.341771,0.3273324,0.3132177,0.2991858,0.2855603,0.2729665,0.2619753,0.2532028,0.2475864,0.2459883,0.2481201,0.2519281,0.2543667,0.2531469,0.2481294,0.2413301,0.2354902,0.232132,0.2304533,0.2279053,0.2220288,0.2121723,0.2000055,0.1887865,0.1819755,0.181703,0.1875568,0.1964,0.2037804,0.206432,0.2041662,0.1995296,0.1953889,0.1925823,0.1898202,0.1857316,0.1806753,0.1763301,0.1737511,0.1723021,0.1705926,0.1680767,0.1654593,0.1637861,0.1635621,0.164799,0.1676124,0.1725222,0.1801002,0.1901986,0.2013443,0.2109564,0.2165851,0.2173756,0.2144464,0.2097327,0.204368,0.1981553,0.1904641,0.1813696,0.1717797,0.1626303,0.1543162,0.1470397,0.1414265,0.138337,0.1378578,0.1386233,0.1384083,0.1356228,0.1304763,0.1249052,0.1213104,0.120933,0.1230138,0.1254789,0.1266985,0.126754,0.1269985,0.1284426,0.1306933,0.1324046,0.1325258,0.131083,0.1290677,0.1278339,0.1284157,0.1309607,0.134529,0.137468,0.1381764,0.1357949,0.1305548,0.1237385,0.1171948,0.1124604,0.109982,0.1090494,0.108387,0.1066726,0.1025554,0.09463593,0.08203718
3.204148,6.941858,8.259747,9.680521,10.51039,10.39436,9.429224,8.020465,6.625653,5.552456,4.889782,4.550332,4.363471,4.168742,3.880069,3.503033,3.104994,2.761006,2.510241,2.345752,2.234698,2.146914,2.069577,2.002693,1.94791,1.905164,1.876714,1.866481,1.870283,1.868986,1.837435,1.763578,1.65867,1.548407,1.454623,1.383721,1.327784,1.273223,1.210233,1.139173,1.071073,1.021004,0.9983506,1.0014,1.019602,1.03944,1.048133,1.034642,0.9915894,0.9193953,0.8290539,0.7393112,0.6685215,0.6259736,0.6081486,0.6021681,0.5940655,0.5762076,0.5490322,0.5173309,0.4861179,0.4601388,0.4452815,0.4470324,0.4652634,0.4907964,0.5088829,0.5077642,0.4852313,0.448478,0.4088524,0.3762393,0.3560299,0.3487939,0.351715,0.3608361,0.3728924,0.385684,0.397244,0.4052621,0.4077322,0.4041861,0.3962468,0.3871907,0.381086,0.3816115,0.3901331,0.4037175,0.4153199,0.4174204,0.406938,0.3873168,0.3661005,0.3504131,0.3438277,0.3457616,0.3524671,0.3588935,0.3611688,0.3585518,0.3531549,0.3474582,0.3419966,0.3355629,0.3275941,0.3200177,0.3162175,0.3176062,0.3210856,0.320552,0.3118672,0.2966877,0.2810229,0.2698146,0.2632018,0.258004,0.251841,0.2448856,0.2381107,0.2313562,0.2238527,0.2158777,0.2088977,0.2041511,0.201776,0.2013518,0.2025353,0.2047344,0.206685,0.2070839,0.2056898,0.203352,0.2008275,0.197944,0.1942533,0.1904603,0.188968,0.1926768,0.2026277,0.2161577,0.2274278,0.2307732,0.2246468,0.2126204,0.2003419,0.1914707,0.1864734,0.1845144,0.1852918,0.1887562,0.1940424,0.199665,0.2046549,0.2088722,0.2121443,0.2135491,0.2117609,0.2060389,0.1971095,0.1875238,0.1810718,0.1810729,0.1884161,0.2008383,0.2139491,0.2231124,0.2252242,0.2200828,0.2108465,0.2026327,0.1994542,0.2017152,0.206493,0.2101962,0.2110091,0.2092556,0.2060619,0.2017114,0.194654,0.1817307,0.1599425
1.855443,4.266431,5.650611,7.201956,8.28254,8.583982,8.156981,7.243686,6.109563,4.975815,4.009062,3.30163,2.850895,2.582722,2.413651,2.295094,2.207072,2.130363,2.042162,1.940146,1.861558,1.868685,2.006186,2.26349,2.57506,2.862111,3.085134,3.271929,3.514413,3.948085,4.712657,5.87834,7.359538,8.89312,10.13941,10.85558,11.00715,10.73184,10.20619,9.541089,8.776026,7.934186,7.059962,6.2077,5.411062,4.672571,3.98095,3.335955,2.760365,2.293193,1.969076,1.794639,1.738046,1.744889,1.772764,1.814082,1.883432,1.984097,2.093885,2.18696,2.262561,2.34327,2.445598,2.559472,2.657541,2.716524,2.724707,2.675847,2.567709,2.41049,2.231164,2.06298,1.927215,1.822351,1.728161,1.62111,1.491434,1.350651,1.223092,1.127279,1.063137,1.015971,0.9715,0.9267332,0.8888611,0.866956,0.8643558,0.8746394,0.8817983,0.866635,0.8184271,0.7435017,0.6618158,0.5934321,0.5469376,0.5186397,0.4995269,0.4817019,0.461063,0.4381111,0.4173195,0.4036578,0.3982397,0.39793,0.399285,0.4010406,0.4016076,0.3961633,0.3794186,0.3519673,0.3220676,0.2997667,0.2894137,0.2878443,0.2886123,0.2872458,0.2836032,0.2809336,0.2828821,0.2901631,0.299258,0.3046109,0.3027076,0.2943052,0.2829735,0.2719587,0.262569,0.2548067,0.2484126,0.2429143,0.2373735,0.2310164,0.2242389,0.2183748,0.2140918,0.2103408,0.2053104,0.1982436,0.1899358,0.1816961,0.1744704,0.1689369,0.1654773,0.1633636,0.1605017,0.1549717,0.1470427,0.1391943,0.133995,0.1322571,0.1331855,0.1355898,0.1384754,0.1409497,0.1424336,0.1432543,0.1446782,0.1480219,0.153602,0.1603449,0.1661303,0.168612,0.1663144,0.1595376,0.1503111,0.1412192,0.1340083,0.1290682,0.1258655,0.1235492,0.1212584,0.1183506,0.1147025,0.1107404,0.1069962,0.1036367,0.1004614,0.09711742,0.09295939,0.08672176,0.07685238
2.380816,5.245807,6.488671,7.969547,9.116182,9.562507,9.26573,8.443551,7.405015,6.396061,5.538559,4.856093,4.326478,3.913805,3.577858,3.2811,3.000329,2.732644,2.488447,2.277661,2.099759,1.942819,1.791332,1.638296,1.491967,1.368857,1.276955,1.205273,1.130974,1.037606,0.9276856,0.8201097,0.736708,0.6887552,0.6718414,0.6711882,0.672704,0.6710377,0.6688684,0.6700618,0.6742929,0.6771895,0.6737064,0.6610106,0.6400563,0.6162409,0.5980855,0.5929503,0.6019602,0.6185211,0.6323159,0.6354917,0.6256018,0.6034732,0.569806,0.52539,0.4747432,0.4277781,0.395561,0.3830558,0.3857419,0.3934187,0.3975826,0.3960429,0.3918145,0.3884855,0.386418,0.3824594,0.3726362,0.3552723,0.3322163,0.3076569,0.2857524,0.2688715,0.2574406,0.2508401,0.2479406,0.2468219,0.244965,0.2410375,0.2368888,0.2369088,0.2443289,0.2577954,0.2716694,0.27966,0.2783641,0.2682388,0.2523264,0.2343017,0.2169692,0.201744,0.1892254,0.1801894,0.1758339,0.1768542,0.1822469,0.1891834,0.1943632,0.1958591,0.1938754,0.1897867,0.1846139,0.1786974,0.1727075,0.1682693,0.1670418,0.1693405,0.1739634,0.1790649,0.1827449,0.1831789,0.1792397,0.1715009,0.1622234,0.153921,0.1479943,0.1447061,0.1439028,0.145311,0.1483802,0.1522546,0.1558256,0.1576284,0.1560803,0.1505088,0.1421276,0.1336493,0.1276696,0.1253486,0.1263204,0.1292705,0.132424,0.1340751,0.1334341,0.1312092,0.1290914,0.1283792,0.1290088,0.1298351,0.1296773,0.1280406,0.1251028,0.1214439,0.1179691,0.1157704,0.1154944,0.1165373,0.1170579,0.1152386,0.1108372,0.1055158,0.1015525,0.1001874,0.1011622,0.1036328,0.1071823,0.1117812,0.1169698,0.121486,0.1239452,0.1238958,0.1221614,0.1201756,0.1189452,0.1184626,0.1179468,0.1166851,0.1147994,0.1132462,0.1129945,0.1141343,0.1157539,0.1166205,0.1159662,0.1137573,0.1103758,0.105991,0.100029,0.09123025,0.07852513
2.378297,5.21421,6.349378,7.592207,8.368934,8.391723,7.735574,6.699747,5.597374,4.624282,3.849306,3.265385,2.832148,2.497106,2.2164,1.976437,1.793931,1.688489,1.654537,1.660009,1.667709,1.655421,1.62198,1.583865,1.567286,1.594884,1.670908,1.776472,1.880803,1.959684,2.006886,2.032783,2.055188,2.091586,2.158855,2.278139,2.474865,2.768382,3.161702,3.647508,4.225735,4.903308,5.658101,6.394717,6.945443,7.135972,6.874521,6.200367,5.264247,4.263797,3.375455,2.709553,2.296113,2.098652,2.045563,2.062348,2.091865,2.102091,2.087391,2.064138,2.057384,2.082535,2.13493,2.195591,2.246562,2.281638,2.305668,2.327074,2.35127,2.377801,2.399921,2.405707,2.38181,2.320203,2.22437,2.109085,1.992432,1.88733,1.80115,1.741572,1.71715,1.727665,1.755355,1.770717,1.749913,1.686929,1.59114,1.478076,1.364224,1.265365,1.192222,1.144397,1.109913,1.072239,1.018596,0.9439298,0.8511679,0.7500892,0.6544092,0.5763667,0.5213042,0.485957,0.4614351,0.4386286,0.4127508,0.3845479,0.3577649,0.3352218,0.3170477,0.3021805,0.2906263,0.2835117,0.2811039,0.281499,0.2816782,0.2797843,0.27626,0.2729279,0.2711902,0.2709939,0.270914,0.2686644,0.2618209,0.2491676,0.2321495,0.2147081,0.2009459,0.1927449,0.1897091,0.1908232,0.1952321,0.2014323,0.2068091,0.2088039,0.206381,0.2000839,0.1910755,0.1806178,0.1702123,0.1615355,0.1559387,0.15409,0.1559315,0.1605264,0.1658311,0.1691058,0.1682576,0.1632389,0.1562329,0.1502975,0.1474613,0.1476888,0.1492896,0.1501706,0.1489517,0.1454678,0.1406438,0.1358388,0.1319992,0.1293456,0.1279203,0.1282105,0.1308605,0.1357882,0.141969,0.1481814,0.1535879,0.1574266,0.158617,0.1562364,0.1503936,0.1423557,0.1338168,0.1261986,0.1204588,0.1170486,0.1156718,0.1150284,0.1128802,0.1066232,0.09439282
6.565475,13.31533,13.73315,14.0559,13.94652,13.2372,11.99315,10.43984,8.829311,7.346573,6.093072,5.109112,4.387753,3.877849,3.500964,3.185712,2.894667,2.625042,2.391176,2.207357,2.079496,2.005294,1.981179,2.009444,2.094097,2.224426,2.364944,2.469761,2.512201,2.501122,2.47193,2.470041,2.54803,2.777092,3.262865,4.159615,5.664507,7.948386,11.00197,14.47451,17.66622,19.77395,20.2828,19.23104,17.14037,14.66868,12.26373,10.06285,8.040991,6.204413,4.646875,3.467052,2.679044,2.211954,1.972054,1.886179,1.89631,1.942118,1.967641,1.942676,1.868994,1.76502,1.648214,1.530432,1.422322,1.335653,1.279993,1.257632,1.261388,1.277265,1.290953,1.294097,1.285717,1.268391,1.244011,1.213843,1.181955,1.156477,1.145247,1.149049,1.15926,1.16267,1.148866,1.113706,1.058254,0.9878354,0.9132644,0.8501396,0.8122322,0.8023165,0.8085633,0.810537,0.7907659,0.7439558,0.6783033,0.6088257,0.547784,0.4990669,0.4599239,0.4270004,0.4004728,0.3830294,0.3755952,0.3740596,0.3701091,0.3562115,0.3311496,0.3009435,0.2736895,0.2533399,0.238818,0.2283928,0.2230873,0.2251475,0.2345065,0.2479999,0.2615469,0.2721413,0.27817,0.2791282,0.2755065,0.2685079,0.2596711,0.2508789,0.2442246,0.2408298,0.2393551,0.2361854,0.2278102,0.2135496,0.1964614,0.1818573,0.1743341,0.1750304,0.1810313,0.1876407,0.1917239,0.1931196,0.1931891,0.192683,0.1914093,0.1895362,0.1883683,0.1893681,0.1924613,0.1955069,0.1956237,0.1913392,0.1838499,0.176421,0.1723901,0.173191,0.1776599,0.1829245,0.1861815,0.1862136,0.1837953,0.1809408,0.1796271,0.180713,0.1835036,0.1861918,0.1870916,0.1858747,0.1837032,0.1820986,0.1817561,0.1824363,0.183579,0.1845716,0.1846424,0.1832215,0.1807113,0.1784307,0.1772785,0.1764915,0.1739717,0.1677307,0.1567712,0.1408204,0.1199512
2.411245,5.302819,6.485758,7.754079,8.4903,8.395245,7.58202,6.435966,5.371569,4.640393,4.272179,4.138817,4.072254,3.96085,3.782315,3.576402,3.39074,3.239008,3.096488,2.930793,2.737887,2.547816,2.393783,2.277424,2.168443,2.038247,1.88933,1.749438,1.640936,1.560262,1.485669,1.399686,1.302758,1.209707,1.13801,1.100028,1.103003,1.151963,1.249055,1.388787,1.555518,1.728391,1.890041,2.030016,2.139906,2.207306,2.216675,2.156574,2.026388,1.838124,1.614262,1.383603,1.175151,1.0104,0.896895,0.8266217,0.7807081,0.7387273,0.6882834,0.6294898,0.5714319,0.523492,0.4886502,0.4635921,0.4436773,0.4269071,0.4136866,0.4042778,0.3973713,0.3907673,0.3827838,0.3730921,0.3627772,0.3537386,0.3475797,0.3446825,0.3443332,0.3456143,0.3477563,0.3496903,0.3503112,0.3502944,0.3534246,0.3647016,0.3860006,0.4135905,0.4402436,0.459707,0.4692741,0.4691786,0.4609978,0.447042,0.4303276,0.4139834,0.4001501,0.3893194,0.3806487,0.3729706,0.365736,0.3589877,0.3522204,0.3434279,0.3300002,0.3111886,0.2896169,0.269906,0.255503,0.2466094,0.2407117,0.234687,0.2265958,0.2162207,0.2045391,0.1928545,0.1823295,0.1741431,0.1696698,0.1699011,0.1743431,0.1806175,0.1855186,0.1867589,0.183925,0.1780683,0.1706853,0.1631085,0.1565022,0.1518682,0.1496131,0.1490922,0.1489916,0.1486446,0.1490434,0.1521525,0.1588388,0.1675287,0.1752104,0.1798408,0.1816055,0.1818985,0.181607,0.1808536,0.180117,0.1806981,0.1834644,0.1873631,0.1898536,0.1891842,0.186179,0.1837144,0.1845677,0.1897589,0.1985393,0.2093972,0.2208642,0.2316098,0.2401882,0.2451224,0.2457057,0.2430818,0.2403945,0.2411547,0.2466991,0.2549986,0.2622047,0.2656775,0.265673,0.2641958,0.2623924,0.2592698,0.2531583,0.24453,0.2371663,0.2359011,0.2424389,0.2530383,0.2604659,0.2585329,0.2450545,0.2211266,0.1887394
9.296775,18.96741,19.72028,20.02037,19.17156,17.06473,14.17441,11.18978,8.623794,6.66496,5.268156,4.308605,3.664402,3.228126,2.910014,2.656546,2.458736,2.33046,2.275107,2.272545,2.293875,2.321681,2.353599,2.393288,2.449293,2.544948,2.714939,2.970848,3.26052,3.470374,3.485897,3.266636,2.875343,2.442174,2.095582,1.906667,1.875491,1.959667,2.119526,2.341178,2.616487,2.903095,3.11429,3.160852,3.010312,2.707786,2.341179,1.986574,1.679701,1.424506,1.215356,1.048371,0.919176,0.8188832,0.7362833,0.6638491,0.6015396,0.555599,0.5332099,0.5358664,0.5557287,0.5785189,0.5915949,0.5905485,0.5786805,0.561018,0.5396534,0.5144523,0.4866537,0.460407,0.4403814,0.4279631,0.4200312,0.4120527,0.4028963,0.3962836,0.3966685,0.4036067,0.4109562,0.4120459,0.4053264,0.3950353,0.3871972,0.3851629,0.3876226,0.3893996,0.3845137,0.3703589,0.350253,0.3317139,0.3213145,0.3203357,0.324612,0.3280042,0.3263239,0.3192093,0.3094979,0.3010112,0.2961936,0.2950104,0.2956616,0.2962363,0.2957192,0.2936515,0.2893609,0.2820885,0.2720127,0.2607435,0.2503655,0.242008,0.235689,0.2315745,0.2308962,0.2351598,0.2444254,0.2565347,0.268005,0.2756748,0.277909,0.2749627,0.2686754,0.2616857,0.2564222,0.2543337,0.2557179,0.2599714,0.2657085,0.2705775,0.2714179,0.2655268,0.2526465,0.2359949,0.2210126,0.2124413,0.2117964,0.2168104,0.2228946,0.2256893,0.2234,0.2174948,0.2111304,0.2065975,0.2041577,0.2030305,0.2027446,0.2030552,0.2031012,0.2016592,0.1984787,0.1947422,0.1917712,0.1896382,0.1875673,0.1855675,0.1850244,0.1872619,0.1916801,0.1957339,0.1970014,0.1952679,0.1925808,0.1914614,0.1932052,0.1975476,0.203172,0.2080842,0.209922,0.2067578,0.1981254,0.1854142,0.1714369,0.1596215,0.152931,0.1524296,0.1563176,0.1607216,0.1619553,0.1581558,0.1488941,0.1339375,0.11321
2.776993,6.002681,7.064406,8.077887,8.433913,7.925616,6.792666,5.485231,4.366648,3.563799,3.012337,2.595251,2.246329,1.96378,1.764421,1.64157,1.56431,1.506502,1.465887,1.451157,1.456256,1.456836,1.434568,1.398588,1.376708,1.386388,1.418689,1.451147,1.472881,1.495424,1.541684,1.627785,1.755551,1.917756,2.10352,2.294352,2.458507,2.560372,2.58738,2.573814,2.596175,2.735304,3.02537,3.419199,3.792536,3.992905,3.91383,3.552432,3.010922,2.439647,1.96211,1.630637,1.429927,1.309774,1.219102,1.126382,1.024957,0.9264064,0.8471472,0.7960277,0.7698202,0.757744,0.7502471,0.7453907,0.7485189,0.7660689,0.7992545,0.8431681,0.8905565,0.9344106,0.9667526,0.9781601,0.9626762,0.9245704,0.8785176,0.8409919,0.8203088,0.8138143,0.8128915,0.8098897,0.8016992,0.7893165,0.775678,0.7639788,0.7569356,0.7558572,0.7588723,0.7600911,0.7521248,0.7308296,0.6974528,0.6557093,0.6076304,0.5536717,0.4966075,0.4433674,0.4015605,0.3741503,0.3577341,0.3456092,0.3324389,0.3170767,0.3022544,0.291782,0.2872345,0.2865643,0.2856964,0.2816458,0.2745164,0.266957,0.2617391,0.259391,0.2577533,0.2538865,0.2466326,0.2373521,0.2282574,0.220334,0.21295,0.2050572,0.1964192,0.1878821,0.1807532,0.1757679,0.1724505,0.1697106,0.167292,0.1662504,0.1675201,0.1702564,0.1722158,0.1717958,0.1692506,0.165986,0.1633207,0.1620818,0.1626595,0.1647762,0.1673443,0.1689863,0.1687935,0.1666193,0.163037,0.1593585,0.1573811,0.1583912,0.1619712,0.165811,0.1669447,0.163589,0.1563531,0.1480309,0.1419867,0.1400712,0.141534,0.1437598,0.14416,0.1417019,0.137152,0.1323043,0.1290038,0.1285288,0.13141,0.1374444,0.1456622,0.1543317,0.1613492,0.1650578,0.1649451,0.1616579,0.1564475,0.1506044,0.1451366,0.1405441,0.1367035,0.1331224,0.1294204,0.1253671,0.120208,0.1121367,0.09904703
2.223338,4.790283,5.624975,6.488041,6.934278,6.776104,6.128908,5.269102,4.440806,3.750539,3.1886,2.711858,2.300186,1.954998,1.67274,1.436845,1.234039,1.068126,0.9520664,0.8890784,0.8654826,0.8609117,0.8611765,0.8603585,0.8552196,0.8432482,0.8269334,0.815824,0.8201379,0.8415118,0.871592,0.9005724,0.9266279,0.957272,1.003572,1.07422,1.172312,1.292445,1.418704,1.529173,1.608406,1.6583,1.696012,1.740075,1.79776,1.863087,1.922471,1.960595,1.965078,1.93169,1.866971,1.783169,1.688887,1.586134,1.477512,1.373445,1.288374,1.229398,1.191304,1.163946,1.142574,1.129212,1.12529,1.125758,1.121339,1.10551,1.078782,1.047224,1.017927,0.9955074,0.9813849,0.9746912,0.9727287,0.9706168,0.9619763,0.9418998,0.9101161,0.8707057,0.8280237,0.7831358,0.7349466,0.6850796,0.6412568,0.6149499,0.6141137,0.6363348,0.668356,0.6935802,0.702301,0.6961213,0.6828901,0.667672,0.6487771,0.6216505,0.5850099,0.5426798,0.5007428,0.464117,0.4351432,0.4134519,0.3961899,0.3792489,0.3596413,0.3372087,0.3139008,0.2914777,0.270243,0.249987,0.2316822,0.2177349,0.210352,0.2096054,0.2130313,0.2170867,0.2191305,0.2183158,0.2149877,0.2095838,0.2022176,0.1930699,0.1827725,0.1722286,0.1622638,0.1537014,0.14762,0.1449756,0.1455392,0.1473281,0.147563,0.1445765,0.1389665,0.1330231,0.1290631,0.1279704,0.1287166,0.1289631,0.126468,0.1205482,0.1125141,0.104644,0.0986291,0.09490817,0.09322438,0.0934056,0.09541111,0.09881496,0.1025595,0.1053638,0.106396,0.1056037,0.1034842,0.1005792,0.09716891,0.09337565,0.08941985,0.08564793,0.08233061,0.07960163,0.07770598,0.0772178,0.07878893,0.082499,0.08739921,0.09178498,0.09412391,0.09395637,0.09204438,0.08968791,0.08786746,0.08691871,0.08675112,0.08708636,0.08745356,0.08721517,0.08584563,0.08319234,0.0793727,0.07443845,0.0682207,0.06047316,0.05111029
3.966197,8.606071,10.27292,12.08541,13.1953,13.18602,12.18192,10.6338,9.001652,7.562165,6.400628,5.494946,4.789488,4.234105,3.806785,3.518205,3.382715,3.372869,3.406253,3.388332,3.275445,3.098063,2.924394,2.802545,2.734647,2.69743,2.676998,2.67934,2.712653,2.768542,2.824427,2.864187,2.901931,2.997782,3.255716,3.792975,4.688457,5.942796,7.47467,9.135966,10.71389,11.93469,12.5236,12.32802,11.41533,10.04529,8.528295,7.089578,5.836088,4.805791,4.014543,3.460998,3.117799,2.939785,2.880196,2.894657,2.937362,2.965897,2.953449,2.892862,2.788181,2.645396,2.471579,2.278343,2.081621,1.89636,1.730555,1.58312,1.447389,1.317881,1.19463,1.081559,0.9825002,0.9005318,0.8396521,0.8026977,0.785181,0.7732648,0.7513729,0.7133543,0.6663774,0.6246539,0.5995455,0.5932967,0.598666,0.6035122,0.5981639,0.5813206,0.5597215,0.541415,0.5286838,0.5170145,0.5001734,0.4757553,0.4463546,0.4165866,0.3895847,0.3657961,0.3441183,0.3236667,0.3046217,0.287829,0.2739048,0.2628009,0.254059,0.2471492,0.2413447,0.2354608,0.2282047,0.2190559,0.2086593,0.1982162,0.1886894,0.1807718,0.1752487,0.1727996,0.1733962,0.1763224,0.1808306,0.1862601,0.1913098,0.1938338,0.1921377,0.1865778,0.1795511,0.1737823,0.1705841,0.169404,0.1685726,0.1665188,0.1627842,0.1582304,0.1542609,0.1517608,0.1507258,0.150638,0.1508436,0.1505958,0.1491363,0.1460086,0.1412423,0.1352343,0.1286261,0.1222856,0.1170814,0.1134437,0.1112358,0.1101258,0.1098919,0.1102666,0.1107649,0.1109714,0.1109045,0.110851,0.1109098,0.1109489,0.1109726,0.111222,0.1117985,0.1123966,0.1125388,0.1119418,0.1105813,0.1086474,0.1067175,0.1058605,0.1071026,0.1104246,0.1142848,0.1163633,0.1150299,0.1103269,0.1037984,0.09753988,0.09323252,0.09153049,0.09176572,0.0920132,0.08971892,0.08282443,0.0708328
4.159042,9.296571,11.67443,14.13222,15.39983,14.96199,13.20294,10.98165,9.040318,7.682083,6.832946,6.281819,5.853524,5.448996,5.030168,4.61299,4.257051,4.026815,3.943767,3.971014,4.041839,4.1067,4.173031,4.331379,4.757513,5.660141,7.164431,9.193417,11.45533,13.59331,15.44245,17.25228,19.69992,23.55279,29.02321,35.19003,40.05437,41.46422,38.39581,31.62738,23.26066,15.50134,9.651039,5.906264,3.795001,2.704421,2.158125,1.861898,1.665417,1.514472,1.402113,1.329547,1.291787,1.28222,1.298342,1.340075,1.403202,1.474849,1.537766,1.581649,1.607708,1.617959,1.603081,1.549156,1.458483,1.356885,1.274822,1.222985,1.189131,1.156055,1.117882,1.078876,1.041044,0.9970925,0.9364075,0.8563426,0.7657083,0.6770207,0.5974882,0.5290742,0.4746456,0.4389943,0.4222575,0.4157291,0.407557,0.3924339,0.37453,0.3617658,0.3583748,0.3617771,0.3644567,0.3589436,0.3430911,0.3217002,0.3023835,0.2890167,0.2790327,0.2668315,0.2494441,0.2292267,0.2119702,0.202585,0.2017429,0.2057781,0.20964,0.2102133,0.2072443,0.2018616,0.1950481,0.1876185,0.1807729,0.1756864,0.1723862,0.1695041,0.1654578,0.1597367,0.1528808,0.145516,0.1379452,0.130704,0.1248569,0.1211805,0.1192606,0.1179391,0.1166371,0.1157528,0.1156804,0.1159702,0.1157509,0.1146242,0.1128416,0.1109498,0.1096515,0.1096908,0.1112179,0.1132092,0.1140808,0.1132227,0.1117189,0.1112755,0.1124993,0.1144176,0.1156691,0.1159842,0.1163546,0.1177371,0.1197029,0.120531,0.1186886,0.1141186,0.1080618,0.1019221,0.09661586,0.09281466,0.09114984,0.09176644,0.09392184,0.09643037,0.09846872,0.09966807,0.09954939,0.09747765,0.09359337,0.08957288,0.08794455,0.09031709,0.09613914,0.1030115,0.108107,0.1096005,0.1073834,0.1028621,0.09802186,0.09435093,0.09236273,0.09185257,0.09223101,0.0923852,0.09045985,0.08436717,0.07303292
2.880867,6.30889,7.605242,8.86598,9.40711,9.042769,8.075988,6.981117,6.081701,5.44096,4.956672,4.513454,4.066814,3.634111,3.242543,2.893943,2.570089,2.260191,1.976948,1.746142,1.583494,1.481904,1.417564,1.365635,1.312203,1.256299,1.203432,1.156629,1.112411,1.065503,1.018038,0.9839303,0.9832108,1.03191,1.140167,1.325747,1.632645,2.129552,2.870728,3.834353,4.883911,5.792736,6.33033,6.36563,5.93044,5.206995,4.441714,3.827348,3.420326,3.144779,2.875751,2.535341,2.13168,1.726728,1.377838,1.105198,0.8984403,0.7393987,0.6158527,0.5213778,0.4509636,0.4000214,0.3656707,0.3460973,0.3377454,0.3341372,0.3285822,0.3182135,0.3051171,0.2937506,0.2875842,0.2875746,0.2924505,0.2997462,0.3070749,0.3130402,0.3169352,0.3177605,0.3145379,0.3082587,0.3026262,0.3012393,0.3035863,0.3048956,0.3009439,0.2928194,0.2863025,0.2866072,0.2942167,0.3056394,0.3171035,0.3266512,0.3330276,0.3337755,0.3254192,0.3059275,0.2772628,0.2457309,0.2194161,0.2039885,0.1996236,0.2014234,0.2031613,0.2013067,0.1961582,0.1898123,0.1835233,0.1769259,0.1692146,0.1605199,0.1519876,0.1447009,0.1388045,0.1338275,0.1297017,0.1270799,0.1264852,0.1274544,0.1289127,0.1303417,0.1322242,0.1352655,0.1394328,0.1438091,0.1470585,0.1478915,0.1455259,0.1403011,0.1339298,0.1287305,0.1262042,0.1262105,0.1274439,0.1285672,0.1288814,0.1281968,0.1264622,0.123692,0.1201166,0.1162124,0.1125556,0.1096883,0.1080115,0.107592,0.1080368,0.1087598,0.1094848,0.1103345,0.1112923,0.1117814,0.1110964,0.1092485,0.107106,0.1055619,0.1046752,0.1036891,0.1018049,0.09898379,0.09623397,0.09516077,0.0968456,0.1007165,0.1045189,0.1058205,0.1039696,0.1007638,0.09916697,0.101122,0.1061607,0.1117183,0.1147846,0.1137323,0.1091865,0.103473,0.09908345,0.09716901,0.09695413,0.09628396,0.09279649,0.08497124,0.07264142
1.781432,3.970087,5.003741,6.207216,7.105057,7.430944,7.198779,6.604785,5.86423,5.106276,4.374581,3.689442,3.094751,2.648925,2.378165,2.243332,2.157047,2.040148,1.869237,1.676857,1.512431,1.40494,1.354669,1.345866,1.359084,1.37653,1.385713,1.381942,1.365463,1.335881,1.291617,1.234477,1.171115,1.10818,1.048347,0.9952238,0.9668828,1.0096,1.196869,1.59732,2.213136,2.928126,3.523597,3.77981,3.602573,3.078022,2.411855,1.804886,1.360522,1.076855,0.9001223,0.7809852,0.6966636,0.6422549,0.6143201,0.6036752,0.5989168,0.5926361,0.5829697,0.5703105,0.5545355,0.5360746,0.5178659,0.5038958,0.495712,0.4922167,0.4934463,0.5025869,0.5224756,0.551039,0.5822108,0.611391,0.6382508,0.6635521,0.6845984,0.6950605,0.6890681,0.6653887,0.6290043,0.5899745,0.5598225,0.546068,0.5476798,0.5551248,0.5557476,0.5409043,0.5099482,0.4688021,0.4249595,0.3832,0.3451418,0.3117125,0.2847038,0.2653286,0.25212,0.2416427,0.2316505,0.2228783,0.2174106,0.2158695,0.2166396,0.2173609,0.2165299,0.2138697,0.2099589,0.2058625,0.202732,0.2011795,0.2007158,0.1997268,0.1962217,0.1891962,0.1799205,0.1719912,0.1694485,0.173902,0.1829707,0.191618,0.1954399,0.1931546,0.186454,0.1779712,0.1695352,0.1618548,0.1550371,0.149029,0.1438505,0.1397391,0.136945,0.135167,0.1334077,0.1307505,0.1271921,0.1233604,0.1194928,0.1152004,0.110422,0.1062362,0.1044262,0.10633,0.1120657,0.1203559,0.1286973,0.1340592,0.1342466,0.1291478,0.1208148,0.112341,0.1064345,0.1044161,0.1058404,0.1088891,0.111542,0.1128417,0.1132203,0.1136595,0.114552,0.1152772,0.1147416,0.112386,0.108866,0.1057817,0.1045394,0.1053071,0.1070564,0.1085871,0.1094409,0.1099101,0.1104033,0.1109005,0.1108692,0.1095881,0.1066672,0.1024335,0.09783032,0.09384649,0.09091598,0.08864026,0.08580773,0.08067535,0.07169086
3.307459,7.165997,8.580524,10.26995,11.59712,12.16414,11.92676,11.10881,10.0207,8.914085,7.932225,7.129763,6.509146,6.04464,5.69427,5.410773,5.159846,4.94137,4.79296,4.75693,4.825013,4.910315,4.884915,4.662515,4.258167,3.774492,3.329279,2.986037,2.736294,2.531941,2.330012,2.116096,1.900454,1.701782,1.535282,1.411331,1.340872,1.338445,1.41564,1.566598,1.757139,1.929645,2.023931,2.001585,1.859727,1.629185,1.360852,1.107099,0.9051979,0.7686929,0.6892794,0.64636,0.6184272,0.5914487,0.5619189,0.5342612,0.5145711,0.5049108,0.5018363,0.4993101,0.4930756,0.4834215,0.4748408,0.4727221,0.4789465,0.4896246,0.4972371,0.4959044,0.4855665,0.4715511,0.4597988,0.4517446,0.4434182,0.4298586,0.4109534,0.3930526,0.3845477,0.3893399,0.4039664,0.4205807,0.432935,0.4402909,0.4461492,0.4533112,0.4604266,0.4636688,0.4612767,0.4552066,0.4480593,0.4397662,0.4284301,0.4136305,0.397554,0.383244,0.3731232,0.3690057,0.3714609,0.3779681,0.3829389,0.3815007,0.3737594,0.364756,0.3599504,0.3608292,0.3644956,0.3667452,0.3653089,0.3607327,0.3549566,0.3495509,0.3453695,0.3433618,0.3446625,0.3490432,0.3534785,0.3533824,0.3463155,0.334651,0.3241027,0.3191445,0.3195845,0.3212435,0.3194963,0.3122647,0.300674,0.2881085,0.2787113,0.2754261,0.278003,0.282583,0.2839298,0.2789487,0.2687971,0.2582042,0.2527245,0.2555743,0.265701,0.2783637,0.2880831,0.2917209,0.2892099,0.2819883,0.2715434,0.2595576,0.2485136,0.2410352,0.2382547,0.239055,0.2411436,0.242977,0.2447857,0.2479288,0.2533745,0.2607958,0.2688799,0.276069,0.2809123,0.282433,0.2810691,0.2791326,0.2792014,0.2813588,0.2825809,0.2796574,0.2725886,0.2645679,0.2588521,0.2563712,0.2562568,0.2575473,0.2596377,0.2616772,0.2625942,0.2619678,0.2603646,0.2584314,0.2556329,0.2497979,0.2377218,0.2164793,0.1850697
3.098445,6.956763,8.819054,10.80018,11.95113,11.85439,10.71124,9.060011,7.41119,6.051348,5.057541,4.400805,4.01785,3.826497,3.728291,3.632986,3.495165,3.330756,3.197792,3.15614,3.233829,3.416948,3.66336,3.929302,4.191996,4.457449,4.769176,5.247249,6.132875,7.727275,10.14461,13.01225,15.43943,16.43747,15.54532,13.14166,10.16507,7.501893,5.562707,4.304987,3.519398,3.05151,2.831023,2.806966,2.911886,3.076857,3.258628,3.450691,3.669611,3.919752,4.16193,4.323058,4.349279,4.253712,4.109581,3.996345,3.952083,3.969553,4.025083,4.105242,4.210825,4.342622,4.486224,4.610536,4.681844,4.680075,4.600465,4.440188,4.190052,3.848201,3.445007,3.047538,2.727842,2.517733,2.391643,2.294484,2.188046,2.072691,1.968387,1.880579,1.788697,1.667448,1.515378,1.359712,1.233671,1.150226,1.096099,1.047173,0.9880172,0.9196548,0.853417,0.7992584,0.7582704,0.7239551,0.6895295,0.653886,0.6209778,0.5948353,0.5764732,0.5648391,0.5580143,0.5520372,0.540605,0.519145,0.4897679,0.4601049,0.4358565,0.4155069,0.3936709,0.3689019,0.346412,0.3328317,0.3296447,0.3324179,0.3352617,0.3347479,0.3301542,0.3219438,0.3110293,0.2986119,0.2854721,0.2714237,0.2562613,0.2413048,0.2291692,0.2214869,0.2172732,0.2140837,0.2106858,0.2081995,0.2086592,0.2127576,0.2188871,0.2239012,0.2247152,0.2198004,0.2099327,0.1977677,0.1863576,0.1775471,0.1714118,0.1670644,0.1639404,0.1622686,0.1623354,0.1635154,0.164381,0.1639311,0.1625065,0.1612063,0.16045,0.1594131,0.1569517,0.1528278,0.1478927,0.1433064,0.139789,0.1374469,0.1360192,0.1353802,0.1361448,0.1397599,0.1474644,0.1586722,0.1704213,0.1788075,0.1813373,0.1781969,0.1716131,0.1642651,0.1581457,0.1542937,0.1528402,0.1529167,0.1527451,0.1504715,0.1454039,0.1383251,0.1301163,0.1199763,0.1055456
6.057544,13.3605,16.45543,19.90625,22.28439,22.89827,21.83912,19.62064,16.84327,14.05362,11.68292,9.95784,8.843887,8.114188,7.50838,6.86147,6.139402,5.408795,4.782252,4.35429,4.148787,4.116083,4.186316,4.32878,4.561274,4.908054,5.351098,5.813256,6.182343,6.369015,6.38126,6.378726,6.661117,7.572039,9.353535,12.03285,15.43023,19.31891,23.63737,28.53297,34.06845,39.72437,44.1562,45.62069,42.96049,36.45255,27.80965,19.28037,12.52612,8.062188,5.485244,4.080879,3.280553,2.773204,2.417656,2.151728,1.954976,1.828526,1.771217,1.766234,1.786258,1.806248,1.81373,1.814275,1.827802,1.871581,1.940267,2.005237,2.041662,2.060672,2.111838,2.247462,2.479871,2.771369,3.062089,3.303056,3.464328,3.524244,3.467212,3.298284,3.053481,2.78625,2.539171,2.326937,2.142617,1.975278,1.820779,1.680172,1.553192,1.435879,1.324179,1.21825,1.121904,1.037569,0.9626489,0.8914962,0.8204831,0.7506105,0.6859139,0.6306031,0.5874271,0.5569256,0.5370297,0.5240017,0.5148196,0.5085911,0.505102,0.5023654,0.4967196,0.4857338,0.4703467,0.453606,0.4376988,0.4227439,0.4080331,0.3934297,0.3793581,0.3663055,0.3549488,0.3462353,0.340526,0.3367535,0.3330566,0.3282729,0.322309,0.315132,0.3062568,0.295738,0.2852603,0.2776509,0.2751496,0.2779523,0.2838604,0.2890895,0.2901118,0.2857217,0.2776717,0.2691513,0.2626465,0.259178,0.2587831,0.2606595,0.2628321,0.2628722,0.2599053,0.2556934,0.2530645,0.2531827,0.2546172,0.2548931,0.2525353,0.2478664,0.242729,0.2397325,0.240837,0.2455361,0.2505064,0.252158,0.250292,0.2489116,0.2526626,0.2621568,0.2728691,0.2786501,0.2764073,0.267981,0.2583901,0.2524858,0.2522911,0.2560525,0.2592243,0.2571555,0.2482731,0.235578,0.2249628,0.2213328,0.2253611,0.2329439,0.2370523,0.230478,0.2085869
2.162443,4.744802,5.791708,6.960567,7.749681,7.902964,7.461804,6.653606,5.736076,4.892509,4.203173,3.67147,3.270006,2.975296,2.776748,2.668024,2.637654,2.666011,2.726825,2.794479,2.857749,2.927751,3.024532,3.14978,3.275903,3.367291,3.411198,3.42444,3.432794,3.451681,3.492472,3.590393,3.827285,4.316064,5.127995,6.19036,7.23882,7.90422,7.910959,7.244955,6.151523,4.967066,3.930825,3.117118,2.49667,2.028619,1.697888,1.496046,1.394338,1.34265,1.290681,1.210548,1.105108,0.9982456,0.9145665,0.8629422,0.8349729,0.8163645,0.7989236,0.7836167,0.7759203,0.7805371,0.7991794,0.829888,0.866452,0.8996565,0.9218819,0.9321567,0.9365128,0.9427432,0.9546793,0.971167,0.9886866,1.002615,1.005692,0.9878647,0.9408312,0.8642603,0.7674979,0.6649219,0.5692067,0.4875935,0.4222412,0.3723942,0.3361105,0.3108885,0.2935893,0.2804089,0.2675628,0.2526461,0.2357481,0.2192779,0.2063766,0.1988679,0.1961453,0.1958812,0.1960591,0.1964465,0.1979037,0.2002373,0.2012527,0.198531,0.192174,0.1853392,0.1817646,0.1827929,0.1867485,0.1908354,0.1933743,0.1944816,0.1952011,0.1962775,0.1974694,0.1975348,0.194755,0.1879162,0.1773432,0.1650926,0.1537919,0.1449898,0.1386663,0.1343125,0.1320262,0.132087,0.133692,0.1348707,0.1340242,0.1312449,0.1278676,0.1250557,0.1232038,0.1224055,0.1227851,0.1241686,0.1258759,0.1271859,0.1278564,0.1279882,0.1275381,0.1262144,0.1238077,0.1204588,0.1166643,0.1131731,0.1107642,0.1097995,0.1098528,0.109931,0.1092089,0.107516,0.1051244,0.1023188,0.09943519,0.09719802,0.09655786,0.09785276,0.1002076,0.1020369,0.1022257,0.1007208,0.09804002,0.09458234,0.0907026,0.08726079,0.08560182,0.08670621,0.09038695,0.09532169,0.09973633,0.102133,0.1018495,0.09943048,0.09645906,0.09457852,0.0942875,0.09460846,0.09393603,0.09112333,0.08575555,0.07768424,0.06676051
4.258394,9.470065,11.78509,14.21753,15.64514,15.64115,14.45696,12.62935,10.62832,8.739066,7.099683,5.758815,4.707872,3.906597,3.312063,2.896876,2.642898,2.518631,2.467861,2.428971,2.369056,2.296557,2.242015,2.233922,2.291525,2.422842,2.614992,2.835589,3.065145,3.334378,3.718018,4.283104,5.046246,5.981832,7.062092,8.283791,9.668685,11.25612,13.08996,15.17253,17.37495,19.35826,20.60317,20.59803,19.10799,16.34873,12.92447,9.555039,6.77161,4.767533,3.454287,2.626981,2.105669,1.784798,1.608893,1.530822,1.494525,1.447983,1.365489,1.255432,1.146396,1.063389,1.012052,0.9800107,0.9504392,0.9148598,0.8755038,0.8384866,0.8069575,0.7806943,0.7597371,0.7456684,0.7388546,0.7359723,0.7318777,0.7244265,0.7168747,0.7143977,0.7177734,0.7217875,0.7217121,0.7207771,0.7280107,0.74667,0.7667999,0.7724645,0.7565947,0.7267163,0.6959227,0.670459,0.6469307,0.6191986,0.5855647,0.5500039,0.5189373,0.4975525,0.4874864,0.4859199,0.4862817,0.4809752,0.4656148,0.4424414,0.4196381,0.4056769,0.4028156,0.4059435,0.4080537,0.4065675,0.4042013,0.4047599,0.4095282,0.4175942,0.4277968,0.4387169,0.4470832,0.4479824,0.4382107,0.4195861,0.3980005,0.3783601,0.3606483,0.3416007,0.320019,0.299346,0.2846296,0.2779571,0.2776654,0.2810438,0.2862037,0.2914775,0.2949804,0.2960703,0.2964533,0.2984506,0.3020148,0.3042437,0.3021835,0.2958035,0.288061,0.2822452,0.2791755,0.2764479,0.2700664,0.2572438,0.2386338,0.2187115,0.203966,0.1996291,0.2065227,0.2200035,0.2321334,0.2360585,0.2297372,0.2165871,0.20303,0.194933,0.1950628,0.2025316,0.2140424,0.2259044,0.2355568,0.2420382,0.2458413,0.2485949,0.2522371,0.2574878,0.2627912,0.2652294,0.2629789,0.2569633,0.2501447,0.245414,0.2440542,0.2455235,0.2480234,0.2493087,0.2474298,0.2409068,0.2281841,0.2073385,0.1771932
2.649199,5.591893,6.308361,7.064589,7.495824,7.44139,6.969026,6.272109,5.546719,4.920093,4.43439,4.062764,3.743487,3.420836,3.072922,2.711368,2.361431,2.045999,1.784491,1.595934,1.492227,1.464291,1.477033,1.483032,1.447098,1.363636,1.254867,1.15332,1.08231,1.046206,1.033324,1.02728,1.020326,1.021099,1.049802,1.120936,1.225583,1.329441,1.390846,1.384968,1.31502,1.204213,1.078775,0.9565414,0.8464805,0.7538223,0.6829887,0.6357849,0.6084387,0.5922248,0.5782634,0.5623831,0.5457477,0.5312708,0.5197366,0.5089872,0.4958898,0.4785046,0.4568422,0.4326418,0.4090124,0.389742,0.377809,0.3738064,0.3757519,0.3805745,0.3857659,0.3897896,0.3916116,0.3905478,0.3865287,0.3800125,0.3715737,0.3620183,0.3529725,0.3468231,0.3456543,0.3502044,0.3595618,0.3711911,0.3812775,0.3863281,0.3856583,0.3820717,0.3790737,0.3772362,0.3739148,0.3665232,0.3552082,0.3420487,0.3286289,0.3153157,0.3024518,0.2910634,0.2819121,0.2743025,0.2663329,0.2564935,0.2451198,0.2344111,0.2269656,0.2240431,0.225,0.228128,0.2317181,0.2343241,0.2346109,0.2316362,0.2253764,0.2167078,0.2069829,0.1979768,0.1919317,0.1905796,0.1934615,0.1977512,0.2006216,0.201816,0.2032606,0.2060513,0.2085329,0.2078681,0.2032065,0.1968249,0.1922469,0.191555,0.1943046,0.198379,0.2016491,0.2032761,0.2039113,0.2046244,0.2054411,0.2050758,0.2023999,0.1981309,0.1947373,0.1945653,0.1981976,0.2045114,0.2117549,0.2181995,0.222229,0.2227591,0.2200625,0.2159045,0.2124002,0.2105695,0.209931,0.2092111,0.2072264,0.2034046,0.1981708,0.1931953,0.1909048,0.1930275,0.1991387,0.2065649,0.2119282,0.2131635,0.2104603,0.2055287,0.200015,0.1946227,0.1897425,0.1866407,0.1873507,0.1927692,0.2008492,0.2072561,0.2084065,0.2041677,0.1977353,0.1930314,0.1920758,0.1941887,0.1968154,0.1966638,0.1904332,0.1754778,0.1508956
2.359719,5.133187,6.180375,7.380939,8.214766,8.368135,7.845374,6.901687,5.864471,4.96543,4.274379,3.742232,3.291938,2.884909,2.530202,2.253535,2.065531,1.9542,1.896924,1.871902,1.858887,1.836782,1.788565,1.711107,1.618141,1.531119,1.46553,1.423922,1.399809,1.388415,1.397461,1.453503,1.603856,1.916131,2.471731,3.341771,4.539927,5.971545,7.419049,8.590773,9.218621,9.156386,8.432003,7.233891,5.839766,4.517364,3.440061,2.656384,2.121706,1.76035,1.51232,1.342922,1.228976,1.147884,1.080349,1.017424,0.9594626,0.9071199,0.8553807,0.7978462,0.7354739,0.6782289,0.6371068,0.6160832,0.6127728,0.624589,0.6507091,0.6874344,0.7244326,0.7484928,0.7522272,0.7398822,0.7255251,0.7248655,0.7457202,0.783138,0.822877,0.8507617,0.8600532,0.8510053,0.8251793,0.7822317,0.7227779,0.6529768,0.5843248,0.5277166,0.4872445,0.4594494,0.4380061,0.4186578,0.4000084,0.3812482,0.36114,0.3397548,0.3198458,0.3050678,0.2969509,0.2944598,0.29614,0.3011429,0.3074938,0.3107252,0.3061008,0.2927751,0.2751851,0.2599255,0.2512651,0.2493473,0.2517458,0.2559298,0.2603134,0.2637128,0.2645567,0.261043,0.2522523,0.2392281,0.2249913,0.2133191,0.2070453,0.2068971,0.2114149,0.217842,0.2234028,0.2262727,0.2258375,0.2224098,0.2168981,0.210666,0.205311,0.2020546,0.2009983,0.2009669,0.2003085,0.1980889,0.1945906,0.1906705,0.186769,0.1827736,0.1788214,0.1757551,0.1742917,0.1738753,0.173089,0.1716902,0.1718333,0.176421,0.1858452,0.1966207,0.2035628,0.2034059,0.1965943,0.1863406,0.1765762,0.1703591,0.1688479,0.1707095,0.1727248,0.1720961,0.1689747,0.1665921,0.1683242,0.174399,0.1816728,0.1866464,0.1883017,0.1877985,0.1860076,0.1823094,0.1760596,0.168507,0.1624587,0.1599509,0.1605133,0.1616836,0.1609651,0.1573877,0.1516298,0.1448203,0.1369497,0.1262441,0.1103908
2.284401,5.085547,6.382996,7.882002,9.051262,9.658018,9.740559,9.422555,8.784697,7.87642,6.784822,5.651335,4.619114,3.772382,3.121956,2.635868,2.278315,2.027644,1.871195,1.79242,1.765045,1.759028,1.753253,1.744466,1.74362,1.760808,1.791815,1.819808,1.831964,1.837075,1.871106,1.98852,2.243644,2.666696,3.242748,3.907717,4.568926,5.137628,5.549369,5.762699,5.751537,5.509938,5.06573,4.481953,3.836616,3.196867,2.609245,2.10654,1.713123,1.438366,1.268661,1.172519,1.116424,1.076495,1.038894,0.9958915,0.9450488,0.889873,0.8379167,0.7978673,0.7782176,0.7849597,0.8160194,0.8579416,0.8920698,0.9069552,0.9049423,0.8971191,0.8936832,0.8991604,0.9133454,0.9332292,0.954212,0.9721127,0.9851437,0.9928429,0.9926249,0.9790021,0.9481856,0.9038906,0.8577132,0.8226079,0.8048,0.8006577,0.8002679,0.7940279,0.7772791,0.7507592,0.7180496,0.682537,0.6457859,0.607824,0.5685253,0.5286243,0.4896391,0.4534076,0.4221105,0.3982695,0.3836934,0.3780031,0.3786826,0.3829722,0.3894005,0.3972682,0.4052985,0.411532,0.4142468,0.4121635,0.4038249,0.3878181,0.3642898,0.3359264,0.3069687,0.2812799,0.2612915,0.2480281,0.2412298,0.2393702,0.2401742,0.2415446,0.2420264,0.2406255,0.2368173,0.2310641,0.2249124,0.219985,0.21675,0.2144693,0.2122522,0.209814,0.2071346,0.2037257,0.1985454,0.1907251,0.1805573,0.1700851,0.1626293,0.1609895,0.1653568,0.1729477,0.1800755,0.1846895,0.186768,0.1865901,0.1835215,0.1770455,0.168586,0.1614524,0.1584447,0.1594626,0.1616155,0.1618722,0.1598009,0.1577905,0.1585257,0.1622283,0.166435,0.168366,0.1672383,0.1643067,0.1612372,0.158956,0.1577864,0.1578422,0.1588311,0.1598569,0.160027,0.1593783,0.1588622,0.1591099,0.1592708,0.1573962,0.1523284,0.1453744,0.1399969,0.1394555,0.1441801,0.1508747,0.153933,0.1481754,0.1313742
4.631396,10.22733,12.58832,15.09432,16.55665,16.50172,15.27125,13.59847,12.06438,10.84452,9.834844,8.919291,8.101347,7.446252,6.98515,6.70656,6.59852,6.644835,6.77744,6.871477,6.813281,6.570015,6.193184,5.774564,5.406566,5.153558,5.020189,4.949884,4.908793,5.036604,5.745171,7.63392,11.18766,16.36753,22.33264,27.55264,30.39304,29.90909,26.34056,20.94698,15.30436,10.5742,7.195837,5.045344,3.773817,3.045647,2.61425,2.319606,2.076099,1.854304,1.650935,1.465068,1.295747,1.149938,1.042197,0.9845583,0.977679,1.009391,1.058851,1.103704,1.128053,1.127165,1.106612,1.07872,1.059339,1.063077,1.095621,1.14875,1.20462,1.246121,1.263103,1.251051,1.209037,1.142168,1.063721,0.990177,0.9315444,0.8863035,0.8456056,0.8020729,0.7552963,0.7104322,0.67228,0.6405249,0.6106263,0.5795324,0.5500879,0.5288326,0.5189518,0.515752,0.5094453,0.4924136,0.4641755,0.4305351,0.3990768,0.3752411,0.3609441,0.3549394,0.3537556,0.3531737,0.3502955,0.3450475,0.3397041,0.3367557,0.3371802,0.3405571,0.3462937,0.3542642,0.3642048,0.3747043,0.3830952,0.3868724,0.3858774,0.3833281,0.3842705,0.3923229,0.4072273,0.4247298,0.4381958,0.4410026,0.4295314,0.4058206,0.377289,0.3522239,0.3341787,0.3205624,0.3068351,0.2918662,0.2791018,0.2729837,0.2747159,0.2812244,0.2873731,0.288763,0.2830785,0.2702211,0.2523948,0.2340194,0.2201461,0.21331,0.2113297,0.2087608,0.2013316,0.1894023,0.1773423,0.1698217,0.1686425,0.1723926,0.178127,0.1830342,0.1851987,0.1839552,0.1802347,0.1763925,0.1749814,0.1771027,0.1817648,0.1867871,0.1901947,0.1908468,0.188387,0.183418,0.1778928,0.1746561,0.1757646,0.1808709,0.1872351,0.1914044,0.191183,0.1866336,0.1798508,0.1738911,0.1713261,0.1729491,0.177276,0.1812436,0.1817822,0.1771739,0.1671583,0.1519134,0.1313092
3.225771,6.774595,7.60871,8.611915,9.390061,9.663795,9.369417,8.648021,7.73155,6.799962,5.912186,5.052669,4.225974,3.49231,2.916584,2.50503,2.205629,1.963024,1.760367,1.609751,1.515567,1.455966,1.398767,1.331434,1.272807,1.25256,1.27692,1.315599,1.324268,1.278936,1.188211,1.077973,0.9719125,0.8862301,0.8332613,0.8223836,0.858978,0.9471328,1.091315,1.287373,1.506916,1.69403,1.786595,1.750166,1.597208,1.376133,1.141301,0.929226,0.7548372,0.6205641,0.524066,0.4603151,0.422774,0.405561,0.4032813,0.4083492,0.4111285,0.4049987,0.3905875,0.3736017,0.3590612,0.3486372,0.3422737,0.3397391,0.3399298,0.340365,0.3387556,0.3347427,0.3296323,0.3251436,0.3232623,0.326711,0.3378002,0.3555988,0.3744475,0.3862467,0.3851024,0.3705547,0.3475789,0.3247966,0.312484,0.3196257,0.3491857,0.3941456,0.4387797,0.466116,0.466857,0.4435409,0.4075876,0.3718272,0.3434792,0.3218624,0.3019061,0.2801551,0.2578922,0.2390347,0.2258064,0.216852,0.2089312,0.1995331,0.1879135,0.1746163,0.1607416,0.1475227,0.1360852,0.1272634,0.1213824,0.1179677,0.1157745,0.1136685,0.111968,0.1127876,0.1184337,0.1289173,0.1410096,0.1501575,0.1537752,0.152806,0.1500409,0.1471353,0.1436418,0.1388572,0.1338244,0.1308067,0.1309124,0.1328398,0.1341741,0.1336527,0.13206,0.1312146,0.1323165,0.1350956,0.1382003,0.1401792,0.1400513,0.1371971,0.1313649,0.1233932,0.1157659,0.1116014,0.1124756,0.1173421,0.1237893,0.1300639,0.1355903,0.1400643,0.1430132,0.1444659,0.1452919,0.1462402,0.1469166,0.1463278,0.1444497,0.1427582,0.1429667,0.145444,0.1489755,0.1518221,0.1528881,0.1522482,0.151046,0.1508679,0.1527083,0.1561291,0.1594115,0.1606976,0.15916,0.1553171,0.1505301,0.1462628,0.1434889,0.142361,0.1422712,0.1423234,0.1418694,0.1406507,0.138477,0.1347786,0.1283974,0.1178349,0.1020413
4.67696,10.27635,12.5279,14.90474,16.26943,16.14569,14.78857,12.8251,10.83177,9.124809,7.778591,6.737401,5.912505,5.239125,4.696837,4.290672,4.00675,3.787064,3.556248,3.276826,2.974641,2.709214,2.523807,2.423767,2.390939,2.405327,2.453007,2.525552,2.620627,2.740536,2.884655,3.04386,3.206481,3.374193,3.581288,3.911471,4.493223,5.441195,6.742814,8.165339,9.291698,9.710296,9.242528,8.039551,6.482316,4.974121,3.774445,2.954007,2.44829,2.142054,1.934958,1.770981,1.635026,1.531429,1.463179,1.423366,1.397903,1.373089,1.344119,1.320949,1.325057,1.374082,1.463382,1.560731,1.621866,1.616929,1.548307,1.447048,1.351711,1.286093,1.250805,1.230247,1.204666,1.158114,1.08271,0.9829971,0.8777041,0.7923231,0.7441962,0.7321837,0.740236,0.7503811,0.7527487,0.7462211,0.7333686,0.7159739,0.6936326,0.6647434,0.6285475,0.5866392,0.5425016,0.4995627,0.4599498,0.4250168,0.3963707,0.3758815,0.3647959,0.3628102,0.3674652,0.3743325,0.3787494,0.3784408,0.3744594,0.3690192,0.3625682,0.3537847,0.3425931,0.3322545,0.3274904,0.3302849,0.3376282,0.3433174,0.3421389,0.333182,0.3201568,0.3087173,0.3027637,0.3025617,0.3060761,0.3117534,0.319366,0.3279426,0.3337535,0.3317312,0.3196553,0.3008252,0.2822094,0.2696171,0.2641485,0.2626621,0.2613703,0.2592293,0.2582182,0.2605578,0.2660003,0.2722327,0.2776738,0.2827913,0.287915,0.2904129,0.2855105,0.2706857,0.2489777,0.2274971,0.2125175,0.2056597,0.2040134,0.2033057,0.2011701,0.198217,0.1967147,0.1984416,0.2033841,0.2097083,0.2144976,0.215019,0.2104843,0.2033032,0.1981501,0.1987697,0.2050267,0.2129425,0.2177003,0.217014,0.2124325,0.208147,0.2084175,0.2151612,0.2269967,0.2401941,0.2507342,0.2560636,0.2557466,0.251157,0.2445879,0.2379791,0.2316699,0.223894,0.21146,0.1913417,0.1624596
6.721562,14.36489,16.66807,19.27027,21.12313,21.70657,21.08459,19.64706,17.82547,15.93548,14.13258,12.43359,10.78976,9.179569,7.656763,6.321077,5.251281,4.462719,3.910001,3.516775,3.213314,2.967802,2.790798,2.702946,2.693578,2.71472,2.716882,2.683147,2.6234,2.544837,2.44505,2.340249,2.290267,2.381516,2.67838,3.188307,3.863939,4.620502,5.340139,5.87287,6.068455,5.842968,5.23339,4.389487,3.504073,2.73174,2.144456,1.735846,1.456479,1.255158,1.104586,1.000282,0.9410717,0.9138423,0.896832,0.8733037,0.8388121,0.7977178,0.7569515,0.7225085,0.6970647,0.6780913,0.659457,0.6364849,0.6094884,0.5827342,0.5611884,0.5479121,0.5422396,0.539178,0.5321617,0.518541,0.5026597,0.4927811,0.4946372,0.5074191,0.5246767,0.5384351,0.5439563,0.5427825,0.5415279,0.5459557,0.5546079,0.5582663,0.5469046,0.5184165,0.4811308,0.4475519,0.4247649,0.4100245,0.3952416,0.3756965,0.3543822,0.3380544,0.3296816,0.3254685,0.3192647,0.3090391,0.298239,0.2910585,0.2875001,0.2837572,0.2767519,0.2670411,0.2571056,0.248061,0.2391706,0.2301115,0.2223249,0.2175945,0.2160054,0.2159854,0.2161259,0.2164344,0.2178283,0.220809,0.2246744,0.2276797,0.2278124,0.2237738,0.2157382,0.2054031,0.1951863,0.1871013,0.1821162,0.1802507,0.1809346,0.1831942,0.1858546,0.1880352,0.1895068,0.1902715,0.189744,0.1867415,0.1805891,0.1721283,0.1635122,0.157198,0.1551434,0.1582722,0.1658123,0.1749942,0.1820354,0.1840917,0.1806111,0.1731482,0.1642118,0.1561933,0.1508017,0.1489813,0.1511071,0.1569751,0.1652841,0.1733167,0.1779757,0.1779178,0.1747329,0.1716102,0.1705446,0.1707912,0.1700072,0.1668244,0.1622969,0.158846,0.157768,0.1578222,0.15643,0.1523947,0.1474203,0.1448582,0.1468188,0.1522579,0.1576487,0.1596365,0.1575117,0.1534493,0.1501928,0.1480971,0.1441996,0.1342644,0.1160499
2.807716,6.180434,7.631682,9.369917,10.74356,11.32819,11.04445,10.10395,8.855619,7.619563,6.578588,5.76317,5.112395,4.552234,4.039828,3.566143,3.139618,2.770452,2.462218,2.212379,2.018979,1.8839,1.806404,1.775081,1.770972,1.780125,1.801058,1.840902,1.910057,2.023615,2.200724,2.448277,2.735285,2.98631,3.114871,3.080609,2.924546,2.750954,2.672474,2.765551,3.060912,3.547081,4.156222,4.745008,5.119354,5.121118,4.722444,4.046437,3.292389,2.62836,2.132415,1.804226,1.60593,1.489156,1.405313,1.31723,1.21362,1.110181,1.031966,0.9930529,0.9904635,1.01158,1.043475,1.077627,1.110697,1.142119,1.169029,1.182891,1.172885,1.134237,1.073377,1.004602,0.9411054,0.887833,0.8415089,0.7973829,0.7563049,0.7246355,0.7064003,0.6963776,0.6828414,0.657778,0.6238657,0.5919257,0.5730297,0.5724795,0.5877836,0.6093391,0.6239094,0.6209326,0.5979253,0.560192,0.5153346,0.468401,0.4218857,0.3786285,0.3428662,0.3179517,0.3036934,0.296575,0.2925379,0.2891794,0.2854285,0.2801757,0.2723789,0.2625927,0.253481,0.248068,0.2474028,0.2498655,0.2523092,0.2517864,0.2470372,0.2394496,0.2328848,0.2319221,0.2392638,0.2538477,0.2707765,0.2832232,0.2855993,0.2763235,0.2583099,0.236921,0.2173619,0.2034757,0.1976427,0.2002837,0.2089884,0.2188751,0.2247962,0.2238555,0.2164291,0.2054719,0.1950185,0.1886232,0.1881198,0.193089,0.2011951,0.2090979,0.2136324,0.2131523,0.2085355,0.202836,0.1992806,0.1990423,0.2007481,0.2020021,0.2012465,0.1983974,0.1943708,0.1904725,0.1879143,0.1871133,0.1871022,0.1860305,0.1827781,0.1780828,0.1737423,0.1706659,0.1680425,0.1646137,0.1604794,0.1572549,0.1564023,0.1576297,0.1590344,0.1587054,0.1561368,0.1522636,0.1484113,0.1453635,0.1433562,0.1426852,0.1439371,0.1473144,0.1516029,0.1538778,0.1504984,0.1388709,0.1188627
